english,arabic_preferred_user_facing,arabic_formal_alt,note
menstrual cycle,الدورة الشهرية,الحيض / الطمث,Preferred is user-friendly
period (bleeding),الدورة,الحيض,user-facing short form
dysmenorrhea,ألم الدورة,عسر الطمث,
premenstrual syndrome (PMS),أعراض ما قبل الدورة,المتلازمة السابقة للطمث,
PMDD,اضطراب المزاج السابق للدورة,اضطراب تعكّر المزاج قبل الطمث,
heavy menstrual bleeding,نزيف الدورة الغزير,غزارة الطمث,
abnormal uterine bleeding,نزيف الرحم غير الطبيعي,النزف الرحمي غير الطبيعي,
intermenstrual bleeding,نزيف بين الدورات,,
postcoital bleeding,نزيف بعد الجماع,,
amenorrhea,غياب الدورة,انقطاع الطمث / انقطاع الحيض,Do not confuse with menopause
oligomenorrhea,دورات متباعدة,قلة الطمث,
menopause,انقطاع الطمث (سن اليأس),,
perimenopause,ما قبل انقطاع الطمث,,
ovulation,التبويض,الإباضة,
polycystic ovary syndrome (PCOS),تكيّس المبايض (PCOS),متلازمة المبيض متعدد الكيسات,
endometriosis,بطانة الرحم المهاجرة,الانتباذ البطاني الرحمي,
adenomyosis,الأدينوميوزيس,,verify formal term with reviewer
uterine fibroids,الأورام الليفية في الرحم,الألياف الرحمية,
endometrial polyp,زوائد لحمية في بطانة الرحم,سلائل بطانة الرحم,
premature ovarian insufficiency,قصور المبيض المبكر,انقطاع الطمث قبل الأوان,
hypothyroidism,قصور الغدة الدرقية,,
hyperthyroidism,فرط نشاط الغدة الدرقية,,
hyperprolactinemia,ارتفاع البرولاكتين,,
iron deficiency anemia,فقر الدم بنقص الحديد,,
ectopic pregnancy,الحمل خارج الرحم,,
pelvic inflammatory disease,التهاب الحوض,,
pregnancy test,اختبار الحمل,,
pelvic ultrasound,سونار على الحوض,التصوير بالموجات فوق الصوتية للحوض,
clots,جلطات دم الدورة,تخثرات,
hormonal contraception,وسائل منع الحمل الهرمونية,,
