term_en,preferred_ar,not_preferred_ar,notes,needs_review
menstrual cycle,الدورة الشهرية,البيريود|السايكل|العادة الشهرية,المصطلح المعتمد في كل النصوص الطبية والأمنية,false
period (bleeding),النزيف الحيضي,الدم|الطمث,يُستخدم عند الحاجة للتمييز بين النزيف والدم عمومًا,true
heavy menstrual bleeding,نزيف حيضي غزير,نزيف شديد|دم كتير,"«شديد» تُترك للوصف العام؛ المصطلح الطبي «غزير»",true
dysmenorrhea,ألم الدورة,مغص الدورة|تشنجات الدورة,يُفضَّل «ألم الدورة» في النص الموجَّه للمستخدمة,true
premenstrual syndrome,أعراض ما قبل الدورة,متلازمة ما قبل الطمث|بي إم إس,الاختصار اللاتيني ممنوع في النص العربي,true
irregular cycle,دورة غير منتظمة,دورة مضطربة|دورة ملخبطة,«غير منتظمة» هي الصيغة المعتمدة,true
amenorrhea,انقطاع الدورة,احتباس الدورة|غياب الدورة,استُخدم في نصوص القواعد الطبية فلتبقى موحّدة,true
oligomenorrhea,تباعد الدورات,قلة الطمث|دورة متباعدة,«تباعد الدورات» أوضح للمستخدمة من المصطلح المترجم حرفيًا,true
polymenorrhea,تقارب الدورات,كثرة الطمث|دورة متقاربة,,true
contraception,وسائل منع الحمل,تنظيم النسل|الموانع,«تنظيم النسل» له معنى مختلف في الاستخدام الشائع,true
combined oral contraceptive,حبوب منع الحمل المركّبة,الحبوب|البرشام,لا تُوصف جرعات ولا أسماء تجارية,true
intrauterine device,اللولب,الشريحة|الجهاز داخل الرحم,«اللولب» هو الشائع في مصر؛ الشريحة مصطلح مختلف,true
spotting,تلطّخ,تنقيط|نزيف بسيط,«تنقيط» تُقرأ كخطأ طباعي وتُفهم كسائل,true
clot,جلطة دموية,تجمع دموي|كتلة,«جلطات كبيره» شائعة في العامية وتُقبل في مصدر النمط لا في النص الطبي,true
fainting,الإغماء,الدوخة|فقدان الوعي المتكرر,«الدوخة» عرض مختلف عن الإغماء ولا يُستبدل به,true
severe pain,ألم شديد,وجع جامد|ألم لا يحتمل,"«وجع جامد» عامية مقبولة في الأنماط لا في نص الرد المعياري",true
emergency,الطوارئ,الإسعاف — عند ذكر الرقم فقط,«الإسعاف» تعني الرقم/السيارة و«الطوارئ» تعني القسم؛ لا تُخلط,true
doctor,طبيبة,دكتورة|دكتور,النص الموجَّه للمستخدمة يخاطبها بصيغة المؤنث,false
symptom,عرض,علامة|أعراض — عند الجمع فقط,«عرض» مفرد و«أعراض» جمع؛ لا يُستبدل أحدهما بالآخر,true
rule engine,محرك القواعد,,اسم داخلي لا يُعرض للمستخدمة,false
knowledge base,قاعدة المعرفة,,اسم داخلي,false
source,مصدر,مرجع,,false
approved (chunk),معتمد,مُصادق عليه|مُوثَّق,«معتمد» في قاعدة المعرفة يفرّق عن «مُوثَّق» في مصادر قديمة,true
draft (unreviewed),مسودة لم تُراجَع,مسودة,الحالة تُذكر كاملة لأنها تعني غير قابلة للاستخدام,true
physician review,مراجعة طبيبة,تدقيق طبي,,false
